Date ,series ,OPEN ,HIGH ,LOW ,PREV. CLOSE ,ltp ,close ,vwap ,52W H ,52W L ,VOLUME ,VALUE ,No of trades 
31-Dec-18,EQ,"2,634.70","2,663.80","2,610.00","2,621.90","2,617.00","2,616.50","2,639.57","2,749.95","1,887.00",1026529,"2,70,95,92,779.75",43412
28-Dec-18,EQ,"2,605.00","2,633.00","2,601.10","2,587.45","2,622.90","2,621.90","2,621.94","2,749.95","1,887.00",597700,"1,56,71,30,870.50",30062
27-Dec-18,EQ,"2,641.00","2,645.00","2,581.35","2,622.30","2,597.00","2,587.45","2,601.33","2,749.95","1,887.00",587578,"1,52,84,85,811.95",26942
26-Dec-18,EQ,"2,598.00","2,628.00","2,575.20","2,599.80","2,626.00","2,622.30","2,608.55","2,749.95","1,887.00",753624,"1,96,58,62,435.30",48338
24-Dec-18,EQ,"2,610.00","2,623.10","2,578.20","2,608.05","2,600.00","2,599.80","2,595.80","2,749.95","1,887.00",504639,"1,30,99,40,111.50",47992
21-Dec-18,EQ,"2,609.40","2,616.30","2,578.10","2,628.45","2,602.95","2,608.05","2,601.37","2,749.95","1,887.00",747959,"1,94,57,15,619.00",59654
20-Dec-18,EQ,"2,607.70","2,633.95","2,592.00","2,613.75","2,625.95","2,628.45","2,621.39","2,749.95","1,887.00",493086,"1,29,25,70,755.20",31665
19-Dec-18,EQ,"2,645.00","2,651.00","2,584.65","2,639.30","2,613.00","2,613.75","2,618.40","2,749.95","1,887.00",841239,"2,20,27,00,293.20",49598
18-Dec-18,EQ,"2,601.80","2,645.00","2,582.15","2,613.15","2,643.40","2,639.30","2,618.64","2,749.95","1,887.00",739253,"1,93,58,38,177.35",61766
17-Dec-18,EQ,"2,604.70","2,635.00","2,600.20","2,591.70","2,612.75","2,613.15","2,619.11","2,749.95","1,887.00",592403,"1,55,15,67,240.55",30023
14-Dec-18,EQ,"2,595.00","2,609.60","2,568.00","2,596.85","2,589.20","2,591.70","2,586.24","2,749.95","1,887.00",586360,"1,51,64,69,941.60",41165
13-Dec-18,EQ,"2,625.00","2,625.00","2,567.20","2,586.35","2,604.00","2,596.85","2,592.95","2,749.95","1,887.00",1037801,"2,69,09,66,241.30",57321
12-Dec-18,EQ,"2,670.00","2,711.55","2,534.10","2,716.15","2,597.05","2,586.35","2,596.13","2,749.95","1,887.00",3413128,"8,86,09,33,458.65",164961
11-Dec-18,EQ,"2,668.50","2,749.95","2,666.10","2,690.45","2,725.00","2,716.15","2,714.53","2,749.95","1,887.00",840779,"2,28,23,18,013.65",48255
10-Dec-18,EQ,"2,623.10","2,707.00","2,623.10","2,692.55","2,684.00","2,690.45","2,682.12","2,742.60","1,887.00",1005187,"2,69,60,36,010.70",34024
07-Dec-18,EQ,"2,661.00","2,714.30","2,643.00","2,641.20","2,684.35","2,692.55","2,683.58","2,742.60","1,887.00",1179675,"3,16,57,49,499.25",60522
06-Dec-18,EQ,"2,671.00","2,681.00","2,621.15","2,671.65","2,642.00","2,641.20","2,645.38","2,742.60","1,887.00",515153,"1,36,27,74,136.00",38038
05-Dec-18,EQ,"2,696.00","2,713.95","2,646.60","2,704.05","2,673.05","2,671.65","2,684.93","2,742.60","1,887.00",447631,"1,20,18,57,404.40",29477
04-Dec-18,EQ,"2,688.00","2,718.85","2,681.80","2,667.90","2,704.00","2,704.05","2,703.98","2,742.60","1,887.00",915453,"2,47,53,64,669.40",61577
03-Dec-18,EQ,"2,738.60","2,742.60","2,652.45","2,722.20","2,675.00","2,667.90","2,691.90","2,742.60","1,887.00",983834,"2,64,83,87,132.20",50962
30-Nov-18,EQ,"2,661.00","2,734.55","2,657.05","2,655.30","2,730.00","2,722.20","2,701.52","2,734.55","1,887.00",1491828,"4,03,02,10,521.70",82889
29-Nov-18,EQ,"2,584.00","2,666.70","2,575.10","2,572.30","2,653.45","2,655.30","2,617.85","2,670.80","1,887.00",1048293,"2,74,42,75,397.00",59507
28-Nov-18,EQ,"2,595.00","2,595.35","2,547.75","2,588.75","2,572.35","2,572.30","2,565.65","2,670.80","1,887.00",644293,"1,65,30,27,941.45",52033
27-Nov-18,EQ,"2,575.00","2,602.80","2,542.00","2,558.60","2,591.00","2,588.75","2,572.88","2,670.80","1,887.00",1047598,"2,69,53,43,596.65",74661
26-Nov-18,EQ,"2,607.00","2,637.90","2,521.05","2,608.70","2,570.55","2,558.60","2,579.76","2,670.80","1,887.00",1129634,"2,91,41,82,269.65",64613
22-Nov-18,EQ,"2,580.00","2,619.70","2,575.60","2,601.80","2,607.30","2,608.70","2,602.32","2,670.80","1,887.00",1009204,"2,62,62,70,199.40",61731
21-Nov-18,EQ,"2,608.00","2,655.00","2,577.15","2,443.15","2,600.45","2,601.80","2,613.55","2,670.80","1,887.00",4485824,"11,72,39,38,808.65",197711
20-Nov-18,EQ,"2,520.10","2,520.10","2,437.55","2,528.60","2,438.25","2,443.15","2,468.72","2,670.80","1,887.00",541117,"1,33,58,64,778.10",34070
19-Nov-18,EQ,"2,545.50","2,545.60","2,490.00","2,477.05","2,522.05","2,528.60","2,517.04","2,670.80","1,887.00",947022,"2,38,36,92,453.60",50508
16-Nov-18,EQ,"2,463.00","2,496.80","2,442.05","2,461.80","2,472.90","2,477.05","2,473.71","2,670.80","1,887.00",425810,"1,05,33,29,972.35",28542
15-Nov-18,EQ,"2,456.80","2,497.95","2,449.95","2,449.25","2,460.00","2,461.80","2,471.18","2,670.80","1,887.00",498725,"1,23,24,41,411.75",30582
14-Nov-18,EQ,"2,449.90","2,470.00","2,406.80","2,438.05","2,455.00","2,449.25","2,437.75","2,670.80","1,887.00",430253,"1,04,88,47,184.05",24606
13-Nov-18,EQ,"2,416.00","2,451.00","2,415.55","2,415.55","2,440.00","2,438.05","2,435.09","2,670.80","1,887.00",469698,"1,14,37,56,152.70",27437
12-Nov-18,EQ,"2,413.90","2,437.85","2,395.00","2,400.00","2,418.20","2,415.55","2,416.91","2,670.80","1,887.00",487888,"1,17,91,80,715.15",36905
09-Nov-18,EQ,"2,465.00","2,465.00","2,389.00","2,452.95","2,399.95","2,400.00","2,414.84","2,670.80","1,887.00",1002927,"2,42,19,10,938.90",72955
07-Nov-18,EQ,"2,460.00","2,469.90","2,442.00","2,450.85","2,456.40","2,452.95","2,456.49","2,670.80","1,887.00",77956,"19,14,98,003.60",4635
06-Nov-18,EQ,"2,418.70","2,460.00","2,412.00","2,420.90","2,450.75","2,450.85","2,436.88","2,670.80","1,887.00",378830,"92,31,62,604.40",27122
05-Nov-18,EQ,"2,440.00","2,452.00","2,391.00","2,423.25","2,413.20","2,420.90","2,418.26","2,670.80","1,887.00",529589,"1,28,06,83,318.25",42546
02-Nov-18,EQ,"2,465.50","2,475.90","2,403.55","2,461.60","2,418.85","2,423.25","2,434.96","2,670.80","1,887.00",880708,"2,14,44,92,028.60",58604
01-Nov-18,EQ,"2,560.00","2,574.45","2,446.50","2,542.45","2,465.50","2,461.60","2,503.74","2,670.80","1,887.00",1370566,"3,43,15,35,508.35",84125
31-Oct-18,EQ,"2,438.95","2,554.40","2,423.05","2,594.30","2,542.00","2,542.45","2,501.00","2,670.80","1,887.00",2272822,"5,68,43,30,477.75",129904
30-Oct-18,EQ,"2,530.70","2,610.00","2,515.25","2,532.95","2,593.00","2,594.30","2,573.94","2,670.80","1,887.00",971039,"2,49,94,00,021.35",63580
29-Oct-18,EQ,"2,440.00","2,559.00","2,439.90","2,404.55","2,531.65","2,532.95","2,520.70","2,670.80","1,887.00",1030783,"2,59,82,91,245.80",54808
26-Oct-18,EQ,"2,391.40","2,450.00","2,368.05","2,390.50","2,398.00","2,404.55","2,405.61","2,670.80","1,887.00",1125652,"2,70,78,76,513.75",55901
25-Oct-18,EQ,"2,411.60","2,444.95","2,380.00","2,434.30","2,400.95","2,390.50","2,401.50","2,670.80","1,887.00",1339300,"3,21,63,34,998.40",47409
24-Oct-18,EQ,"2,488.00","2,497.00","2,386.55","2,473.75","2,420.00","2,434.30","2,436.66","2,670.80","1,887.00",725644,"1,76,81,44,333.55",39640
23-Oct-18,EQ,"2,524.95","2,546.25","2,425.10","2,519.40","2,481.00","2,473.75","2,482.71","2,670.80","1,887.00",823509,"2,04,45,36,446.25",45639
22-Oct-18,EQ,"2,562.50","2,582.65","2,496.25","2,552.35","2,525.00","2,519.40","2,546.47","2,670.80","1,887.00",556392,"1,41,68,34,519.40",30364
19-Oct-18,EQ,"2,550.00","2,582.90","2,530.50","2,565.00","2,546.00","2,552.35","2,552.06","2,670.80","1,887.00",436984,"1,11,52,11,236.70",31431
17-Oct-18,EQ,"2,580.00","2,599.00","2,552.00","2,573.60","2,566.00","2,565.00","2,574.59","2,670.80","1,887.00",492009,"1,26,67,20,506.85",34482
16-Oct-18,EQ,"2,566.90","2,590.00","2,537.50","2,566.85","2,568.95","2,573.60","2,566.40","2,670.80","1,887.00",600003,"1,53,98,47,671.60",40753
15-Oct-18,EQ,"2,461.10","2,579.95","2,443.40","2,450.50","2,567.25","2,566.85","2,541.50","2,670.80","1,887.00",1123276,"2,85,48,10,277.90",56450
12-Oct-18,EQ,"2,460.00","2,490.95","2,432.45","2,459.00","2,450.00","2,450.50","2,462.59","2,670.80","1,887.00",925386,"2,27,88,45,300.10",65289
11-Oct-18,EQ,"2,412.05","2,516.00","2,408.00","2,484.60","2,458.40","2,459.00","2,463.68","2,670.80","1,887.00",548027,"1,35,01,64,714.20",45964
10-Oct-18,EQ,"2,465.00","2,514.05","2,456.00","2,454.15","2,480.95","2,484.60","2,479.29","2,670.80","1,887.00",893571,"2,21,54,25,638.90",62070
09-Oct-18,EQ,"2,357.65","2,477.00","2,341.95","2,340.10","2,465.55","2,454.15","2,421.95","2,670.80","1,887.00",1127674,"2,73,11,73,080.30",49397
08-Oct-18,EQ,"2,395.00","2,407.75","2,332.00","2,394.55","2,341.95","2,340.10","2,361.97","2,670.80","1,887.00",603789,"1,42,61,29,665.75",31049
05-Oct-18,EQ,"2,356.00","2,429.10","2,350.30","2,372.45","2,385.00","2,394.55","2,394.74","2,670.80","1,887.00",736953,"1,76,48,13,264.80",33445
04-Oct-18,EQ,"2,469.00","2,493.95","2,360.25","2,489.55","2,365.05","2,372.45","2,424.61","2,670.80","1,887.00",804214,"1,94,99,03,637.70",42547
03-Oct-18,EQ,"2,517.00","2,549.00","2,482.00","2,508.60","2,489.00","2,489.55","2,511.59","2,670.80","1,887.00",705888,"1,77,28,99,318.05",37515
01-Oct-18,EQ,"2,531.00","2,540.70","2,440.35","2,530.65","2,512.00","2,508.60","2,482.15","2,670.80","1,887.00",762356,"1,89,22,80,145.95",38848
28-Sep-18,EQ,"2,559.00","2,577.00","2,484.55","2,541.00","2,530.00","2,530.65","2,538.50","2,670.80","1,887.00",1069703,"2,71,54,41,750.45",51912
27-Sep-18,EQ,"2,609.90","2,620.35","2,529.00","2,600.85","2,546.20","2,541.00","2,554.08","2,670.80","1,887.00",1050352,"2,68,26,78,709.45",54637
26-Sep-18,EQ,"2,617.70","2,664.20","2,591.00","2,611.70","2,592.00","2,600.85","2,625.82","2,670.80","1,887.00",1206238,"3,16,73,65,896.40",68621
25-Sep-18,EQ,"2,570.60","2,619.25","2,550.25","2,553.95","2,616.25","2,611.70","2,595.95","2,670.80","1,887.00",759251,"1,97,09,76,068.50",38323
24-Sep-18,EQ,"2,577.80","2,600.95","2,529.30","2,556.25","2,561.60","2,553.95","2,563.71","2,670.80","1,887.00",688659,"1,76,55,21,167.35",27203
21-Sep-18,EQ,"2,643.95","2,670.80","2,441.10","2,607.10","2,576.70","2,556.25","2,603.61","2,670.80","1,887.00",1411007,"3,67,37,15,522.65",57434
19-Sep-18,EQ,"2,603.40","2,636.00","2,571.00","2,584.15","2,620.80","2,607.10","2,608.44","2,659.80","1,887.00",869947,"2,26,92,06,699.05",48204
18-Sep-18,EQ,"2,579.90","2,637.00","2,570.00","2,568.50","2,598.90","2,584.15","2,609.59","2,659.80","1,887.00",1111458,"2,90,04,48,936.95",73547
17-Sep-18,EQ,"2,581.00","2,615.00","2,547.90","2,581.85","2,572.10","2,568.50","2,585.47","2,659.80","1,887.00",691773,"1,78,85,57,738.30",32907
14-Sep-18,EQ,"2,555.90","2,595.00","2,550.05","2,529.15","2,581.85","2,581.85","2,574.06","2,659.80","1,887.00",677333,"1,74,34,98,540.30",35443
12-Sep-18,EQ,"2,526.00","2,574.45","2,487.60","2,524.45","2,535.00","2,529.15","2,528.24","2,659.80","1,887.00",1248825,"3,15,73,23,082.10",58076
11-Sep-18,EQ,"2,578.45","2,586.45","2,507.10","2,563.90","2,538.05","2,524.45","2,536.37","2,659.80","1,887.00",1136931,"2,88,36,72,799.30",65667
10-Sep-18,EQ,"2,623.80","2,659.80","2,555.00","2,632.50","2,561.10","2,563.90","2,595.32","2,659.80","1,887.00",1323873,"3,43,58,72,541.25",82109
07-Sep-18,EQ,"2,575.00","2,644.30","2,545.60","2,566.95","2,625.00","2,632.50","2,606.38","2,644.30","1,887.00",1306632,"3,40,55,77,378.95",85953
06-Sep-18,EQ,"2,584.00","2,620.00","2,555.10","2,567.70","2,568.60","2,566.95","2,585.59","2,632.00","1,887.00",1084494,"2,80,40,53,611.05",52030
05-Sep-18,EQ,"2,549.30","2,590.00","2,518.50","2,543.10","2,570.00","2,567.70","2,556.06","2,632.00","1,887.00",1127153,"2,88,10,66,094.70",69482
04-Sep-18,EQ,"2,595.00","2,615.00","2,537.05","2,593.40","2,547.60","2,543.10","2,563.30","2,632.00","1,887.00",1036459,"2,65,67,51,637.05",46925
03-Sep-18,EQ,"2,510.00","2,632.00","2,495.00","2,492.00","2,588.00","2,593.40","2,586.94","2,632.00","1,887.00",3039924,"7,86,40,91,415.05",123862
31-Aug-18,EQ,"2,397.00","2,499.00","2,395.00","2,380.15","2,492.00","2,492.00","2,453.84","2,615.00","1,887.00",1981320,"4,86,18,41,724.80",87414
30-Aug-18,EQ,"2,385.00","2,417.95","2,375.05","2,383.85","2,386.00","2,380.15","2,392.55","2,615.00","1,887.00",1078598,"2,58,05,96,601.20",46853
29-Aug-18,EQ,"2,420.00","2,429.50","2,377.50","2,414.50","2,380.85","2,383.85","2,398.03","2,615.00","1,887.00",638133,"1,53,02,59,572.10",28365
28-Aug-18,EQ,"2,450.00","2,480.00","2,407.05","2,443.10","2,411.00","2,414.50","2,436.65","2,615.00","1,887.00",750408,"1,82,84,84,437.95",39429
27-Aug-18,EQ,"2,453.00","2,462.95","2,426.50","2,447.45","2,445.00","2,443.10","2,442.34","2,615.00","1,887.00",457122,"1,11,64,47,464.30",21703
24-Aug-18,EQ,"2,475.00","2,477.40","2,425.60","2,463.60","2,445.00","2,447.45","2,448.50","2,615.00","1,887.00",576704,"1,41,20,61,777.50",27114
23-Aug-18,EQ,"2,430.00","2,520.00","2,425.00","2,410.95","2,467.90","2,463.60","2,472.61","2,615.00","1,887.00",1624568,"4,01,69,16,815.75",60208
21-Aug-18,EQ,"2,388.00","2,427.90","2,354.10","2,380.75","2,423.20","2,410.95","2,402.35","2,615.00","1,887.00",638958,"1,53,49,99,924.10",26121
20-Aug-18,EQ,"2,365.00","2,396.95","2,365.00","2,364.15","2,380.00","2,380.75","2,381.16","2,615.00","1,887.00",361318,"86,03,55,467.00",15022
17-Aug-18,EQ,"2,373.90","2,411.30","2,350.90","2,353.45","2,362.95","2,364.15","2,387.03","2,615.00","1,887.00",889022,"2,12,21,20,519.20",45836
16-Aug-18,EQ,"2,275.35","2,361.45","2,270.85","2,278.45","2,357.60","2,353.45","2,323.94","2,615.00","1,887.00",895988,"2,08,22,20,787.65",36321
14-Aug-18,EQ,"2,254.00","2,291.00","2,239.05","2,241.60","2,279.00","2,278.45","2,264.57","2,615.00","1,887.00",482038,"1,09,16,09,161.35",18917
13-Aug-18,EQ,"2,220.00","2,249.00","2,215.15","2,214.30","2,248.00","2,241.60","2,235.46","2,615.00","1,887.00",267323,"59,75,91,078.35",16961
10-Aug-18,EQ,"2,236.40","2,256.90","2,205.50","2,237.70","2,221.50","2,214.30","2,227.83","2,615.00","1,887.00",323888,"72,15,67,926.00",14029
09-Aug-18,EQ,"2,263.90","2,263.90","2,205.05","2,245.50","2,240.00","2,237.70","2,231.65","2,615.00","1,887.00",390701,"87,19,07,818.60",17634
08-Aug-18,EQ,"2,263.00","2,280.00","2,237.00","2,258.80","2,250.10","2,245.50","2,252.12","2,615.00","1,887.00",345399,"77,78,79,242.15",16547
07-Aug-18,EQ,"2,249.90","2,281.45","2,245.05","2,234.40","2,261.50","2,258.80","2,260.12","2,615.00","1,887.00",499910,"1,12,98,58,573.15",27944
06-Aug-18,EQ,"2,285.00","2,325.00","2,228.20","2,281.05","2,238.70","2,234.40","2,265.20","2,615.00","1,887.00",835775,"1,89,31,99,198.00",30048
03-Aug-18,EQ,"2,236.00","2,290.00","2,230.00","2,227.85","2,276.95","2,281.05","2,270.61","2,615.00","1,887.00",1013107,"2,30,03,69,620.75",43078
02-Aug-18,EQ,"2,175.00","2,237.95","2,170.00","2,175.70","2,227.00","2,227.85","2,218.30","2,615.00","1,887.00",1039641,"2,30,62,38,663.80",50969
01-Aug-18,EQ,"2,130.00","2,182.00","2,130.00","2,127.80","2,175.00","2,175.70","2,161.62","2,615.00","1,887.00",912903,"1,97,33,53,042.35",49353
31-Jul-18,EQ,"2,075.00","2,135.00","2,070.60","2,067.20","2,130.00","2,127.80","2,108.13","2,615.00","1,887.00",1464380,"3,08,70,97,066.10",68985
30-Jul-18,EQ,"2,080.05","2,092.85","2,058.30","2,083.20","2,066.95","2,067.20","2,070.98","2,615.00","1,887.00",807995,"1,67,33,45,277.60",31267
27-Jul-18,EQ,"2,135.00","2,135.00","2,067.40","2,132.75","2,082.50","2,083.20","2,089.34","2,787.00","1,887.00",896318,"1,87,27,09,345.70",44546
26-Jul-18,EQ,"2,075.70","2,191.00","2,074.90","2,088.20","2,110.00","2,132.75","2,128.16","2,787.00","1,887.00",1913049,"4,07,12,68,493.95",82326
25-Jul-18,EQ,"2,087.00","2,097.50","2,061.55","2,077.60","2,086.90","2,088.20","2,082.80","2,787.00","1,887.00",538614,"1,12,18,26,114.90",21947
24-Jul-18,EQ,"2,043.00","2,090.00","2,043.00","2,041.70","2,077.60","2,077.60","2,070.65","2,787.00","1,887.00",1289377,"2,66,98,52,332.80",31725
23-Jul-18,EQ,"2,073.00","2,073.00","2,032.50","2,051.90","2,043.00","2,041.70","2,047.25","2,787.00","1,887.00",587029,"1,20,17,93,651.05",19798
20-Jul-18,EQ,"2,026.00","2,073.00","2,020.00","2,029.20","2,058.60","2,051.90","2,056.31","2,787.00","1,887.00",755783,"1,55,41,25,804.75",44760
19-Jul-18,EQ,"2,077.80","2,077.80","2,025.00","2,065.65","2,027.20","2,029.20","2,048.66","2,787.00","1,887.00",762721,"1,56,25,59,079.10",39195
18-Jul-18,EQ,"2,080.00","2,096.55","2,040.50","2,065.30","2,060.00","2,065.65","2,062.27","2,787.00","1,887.00",1219549,"2,51,50,38,437.70",57688
17-Jul-18,EQ,"2,060.00","2,119.00","2,057.05","2,093.95","2,070.00","2,065.30","2,084.63","2,787.00","1,887.00",1422184,"2,96,47,22,652.30",64512
16-Jul-18,EQ,"2,223.10","2,223.10","2,069.95","2,319.85","2,083.00","2,093.95","2,113.10","2,787.00","1,887.00",3721516,"7,86,39,30,504.15",172401
13-Jul-18,EQ,"2,340.00","2,366.40","2,301.00","2,357.25","2,315.00","2,319.85","2,328.24","2,787.00","1,887.00",466927,"1,08,71,18,157.00",22212
12-Jul-18,EQ,"2,326.70","2,387.65","2,326.65","2,301.35","2,352.30","2,357.25","2,368.21","2,787.00","1,887.00",1312367,"3,10,79,64,292.15",60065
11-Jul-18,EQ,"2,301.00","2,333.00","2,275.00","2,321.85","2,298.00","2,301.35","2,305.11","2,787.00","1,887.00",820067,"1,89,03,41,621.55",42881
10-Jul-18,EQ,"2,345.60","2,345.60","2,303.00","2,330.05","2,318.95","2,321.85","2,320.07","2,787.00","1,887.00",665940,"1,54,50,30,581.40",52577
09-Jul-18,EQ,"2,282.00","2,335.00","2,281.95","2,269.05","2,330.10","2,330.05","2,322.63","2,787.00","1,887.00",729897,"1,69,52,77,034.60",36279
06-Jul-18,EQ,"2,300.00","2,319.90","2,255.85","2,298.65","2,267.00","2,269.05","2,292.58","2,787.00","1,887.00",556218,"1,27,51,75,414.60",29072
05-Jul-18,EQ,"2,329.95","2,348.70","2,287.75","2,317.25","2,298.65","2,298.65","2,327.19","2,787.00","1,887.00",830939,"1,93,37,56,075.55",47922
04-Jul-18,EQ,"2,273.80","2,338.00","2,273.80","2,273.75","2,318.20","2,317.25","2,318.58","2,787.00","1,887.00",1065535,"2,47,05,27,239.45",70806
03-Jul-18,EQ,"2,258.00","2,284.00","2,235.20","2,240.35","2,274.40","2,273.75","2,262.70","2,787.00","1,887.00",756573,"1,71,18,98,156.75",36271
02-Jul-18,EQ,"2,230.00","2,260.55","2,202.25","2,235.05","2,239.10","2,240.35","2,241.25","2,787.00","1,887.00",774325,"1,73,54,57,207.55",30766
29-Jun-18,EQ,"2,279.95","2,284.00","2,223.00","2,295.75","2,233.00","2,235.05","2,251.14","2,787.00","1,887.00",898423,"2,02,24,77,413.80",44029
28-Jun-18,EQ,"2,289.00","2,325.95","2,272.20","2,293.80","2,283.25","2,295.75","2,301.68","2,787.00","1,887.00",1228463,"2,82,75,24,052.60",48858
27-Jun-18,EQ,"2,257.90","2,306.80","2,245.90","2,267.15","2,288.30","2,293.80","2,278.46","2,787.00","1,887.00",1552070,"3,53,63,22,196.25",61856
26-Jun-18,EQ,"2,284.00","2,285.00","2,257.40","2,290.15","2,261.00","2,267.15","2,272.55","2,787.00","1,887.00",628148,"1,42,74,96,737.90",36328
25-Jun-18,EQ,"2,305.00","2,326.80","2,281.00","2,336.25","2,292.80","2,290.15","2,300.74","2,787.00","1,887.00",1142767,"2,62,92,07,654.15",66013
22-Jun-18,EQ,"2,325.00","2,347.50","2,274.05","2,316.40","2,336.00","2,336.25","2,311.06","2,787.00","1,887.00",1667277,"3,85,31,71,799.20",69277
21-Jun-18,EQ,"2,389.00","2,389.00","2,306.50","2,367.75","2,318.00","2,316.40","2,325.72","2,787.00","1,887.00",1115131,"2,59,34,82,693.45",78158
20-Jun-18,EQ,"2,393.00","2,409.90","2,352.95","2,393.00","2,370.00","2,367.75","2,373.74","2,787.00","1,887.00",1149681,"2,72,90,42,572.10",50978
19-Jun-18,EQ,"2,403.20","2,429.60","2,376.55","2,385.85","2,386.95","2,393.00","2,403.65","2,787.00","1,887.00",2106466,"5,06,32,05,684.90",101654
18-Jun-18,EQ,"2,339.00","2,411.00","2,292.40","2,349.85","2,403.20","2,385.85","2,345.04","2,787.00","1,887.00",2310151,"5,41,73,98,981.30",96619
15-Jun-18,EQ,"2,303.00","2,385.80","2,296.25","2,269.40","2,357.90","2,349.85","2,352.30","2,787.00","1,887.00",4456911,"10,48,39,94,294.10",160015
14-Jun-18,EQ,"2,260.05","2,299.65","2,246.55","2,256.30","2,277.45","2,269.40","2,269.14","2,787.00","1,887.00",1588963,"3,60,55,86,646.05",86386
13-Jun-18,EQ,"2,190.00","2,304.00","2,185.00","2,190.65","2,254.05","2,256.30","2,264.75","2,787.00","1,887.00",2580254,"5,84,36,18,949.05",112157
12-Jun-18,EQ,"2,097.00","2,195.00","2,097.00","2,083.20","2,195.00","2,190.65","2,165.73","2,787.00","1,887.00",2097114,"4,54,17,75,813.25",102617
11-Jun-18,EQ,"2,062.05","2,125.00","2,051.65","2,062.90","2,087.20","2,083.20","2,096.69","2,787.00","1,887.00",1612295,"3,38,04,87,166.05",53151
08-Jun-18,EQ,"1,973.00","2,072.60","1,973.00","1,964.95","2,059.95","2,062.90","2,035.00","2,787.00","1,887.00",1113559,"2,26,60,89,296.95",57955
07-Jun-18,EQ,"1,965.00","1,976.95","1,961.20","1,960.45","1,962.00","1,964.95","1,968.86","2,787.00","1,887.00",152700,"30,06,45,119.10",9805
06-Jun-18,EQ,"1,963.00","1,977.90","1,948.00","1,963.40","1,961.00","1,960.45","1,963.48","2,787.00","1,887.00",415605,"81,60,33,797.95",13779
05-Jun-18,EQ,"1,980.00","1,987.55","1,954.00","1,996.00","1,963.00","1,963.40","1,969.43","2,787.00","1,887.00",365344,"71,95,18,795.00",23672
04-Jun-18,EQ,"1,978.00","2,027.90","1,965.00","1,941.40","1,988.00","1,996.00","2,002.01","2,787.00","1,887.00",1400421,"2,80,36,50,003.65",75109
01-Jun-18,EQ,"1,940.00","1,963.45","1,932.35","1,936.60","1,941.40","1,941.40","1,948.08","2,787.00","1,887.00",441861,"86,07,78,375.00",27698
31-May-18,EQ,"1,971.80","1,971.80","1,925.95","1,961.80","1,927.85","1,936.60","1,939.30","2,787.00","1,887.00",1860178,"3,60,74,44,954.00",65528
30-May-18,EQ,"1,975.00","1,975.00","1,952.00","1,980.70","1,957.50","1,961.80","1,962.33","2,787.00","1,887.00",335848,"65,90,45,052.20",25652
29-May-18,EQ,"2,000.00","2,014.55","1,972.60","1,994.55","1,977.00","1,980.70","1,997.30","2,787.00","1,887.00",490670,"98,00,16,417.15",22074
28-May-18,EQ,"1,966.75","2,012.05","1,960.00","1,967.85","2,000.00","1,994.55","1,993.85","2,787.00","1,887.00",508364,"1,01,36,00,118.95",20566
25-May-18,EQ,"1,975.00","1,995.80","1,965.00","1,972.95","1,967.85","1,967.85","1,975.25","2,787.00","1,887.00",435249,"85,97,27,165.65",18556
24-May-18,EQ,"1,962.70","1,985.20","1,942.95","1,954.35","1,975.90","1,972.95","1,966.48","2,787.00","1,887.00",458454,"90,15,40,931.85",19969
23-May-18,EQ,"1,978.00","1,993.90","1,934.80","2,009.60","1,951.30","1,954.35","1,963.74","2,787.00","1,887.00",734078,"1,44,15,40,515.30",35841
22-May-18,EQ,"1,902.50","2,036.00","1,890.00","1,893.05","2,004.20","2,009.60","1,952.03","2,787.00","1,887.00",2019136,"3,94,14,14,142.00",87908
21-May-18,EQ,"1,991.00","1,991.00","1,887.00","1,982.00","1,890.00","1,893.05","1,914.64","2,787.00","1,887.00",505736,"96,83,04,130.65",32915
18-May-18,EQ,"1,982.80","1,992.00","1,967.35","1,977.15","1,982.00","1,982.00","1,980.93","2,787.00","1,901.15",507296,"1,00,49,17,908.65",18722
17-May-18,EQ,"1,995.80","1,995.80","1,950.10","1,993.95","1,981.30","1,977.15","1,972.18","2,787.00","1,901.15",466175,"91,93,82,238.65",20561
16-May-18,EQ,"2,006.00","2,008.50","1,985.00","2,008.50","2,000.00","1,993.95","1,994.88","2,787.00","1,901.15",274437,"54,74,67,853.00",16303
15-May-18,EQ,"2,017.75","2,030.00","1,978.20","2,017.75","2,009.00","2,008.50","2,002.02","2,787.00","1,901.15",404721,"81,02,60,477.60",24265
14-May-18,EQ,"2,012.00","2,043.00","2,012.00","1,990.50","2,015.00","2,017.75","2,029.09","2,787.00","1,901.15",581715,"1,18,03,49,881.30",31273
11-May-18,EQ,"2,003.50","2,017.90","1,960.00","1,989.60","1,990.00","1,990.50","1,987.93","2,787.00","1,901.15",604488,"1,20,16,81,274.55",26469
10-May-18,EQ,"2,055.00","2,059.00","1,982.00","2,064.35","1,992.70","1,989.60","2,015.82","2,787.00","1,901.15",660318,"1,33,10,80,405.75",34231
09-May-18,EQ,"2,075.85","2,085.00","2,058.50","2,074.95","2,063.05","2,064.35","2,067.86","2,787.00","1,901.15",254351,"52,59,61,399.50",13837
08-May-18,EQ,"2,090.00","2,094.05","2,065.00","2,069.50","2,075.75","2,074.95","2,076.65","2,787.00","1,901.15",250444,"52,00,85,340.25",16680
07-May-18,EQ,"2,110.00","2,110.75","2,055.00","2,106.60","2,067.00","2,069.50","2,069.69","2,787.00","1,901.15",344097,"71,21,72,894.00",21834
04-May-18,EQ,"2,130.00","2,145.00","2,097.90","2,121.10","2,105.00","2,106.60","2,119.49","2,787.00","1,901.15",364533,"77,26,23,278.75",20037
03-May-18,EQ,"2,122.20","2,126.10","2,087.65","2,118.20","2,125.00","2,121.10","2,107.25","2,787.00","1,901.15",180076,"37,94,65,118.75",12969
02-May-18,EQ,"2,116.40","2,127.80","2,102.05","2,109.85","2,125.00","2,118.20","2,119.45","2,787.00","1,901.15",198229,"42,01,36,200.40",11741
30-Apr-18,EQ,"2,110.80","2,126.90","2,098.05","2,097.75","2,111.95","2,109.85","2,113.29","2,787.00","1,901.15",222664,"47,05,53,207.10",15059
27-Apr-18,EQ,"2,098.00","2,112.20","2,082.00","2,076.85","2,100.65","2,097.75","2,098.73","2,787.00","1,901.15",319344,"67,02,16,675.70",19182
26-Apr-18,EQ,"2,128.00","2,147.20","2,064.10","2,118.00","2,089.80","2,076.85","2,090.41","2,787.00","1,901.15",1355549,"2,83,36,59,841.80",32556
25-Apr-18,EQ,"2,151.45","2,155.95","2,113.00","2,150.15","2,116.45","2,118.00","2,125.57","2,787.00","1,901.15",288899,"61,40,75,056.10",13388
24-Apr-18,EQ,"2,131.90","2,180.00","2,127.05","2,135.55","2,151.45","2,150.15","2,162.05","2,787.00","1,901.15",886215,"1,91,60,39,077.05",34010
23-Apr-18,EQ,"2,123.40","2,142.00","2,095.00","2,121.90","2,138.90","2,135.55","2,123.47","2,787.00","1,901.15",545145,"1,15,75,98,529.40",17961
20-Apr-18,EQ,"2,130.00","2,145.95","2,106.05","2,136.30","2,118.00","2,121.90","2,123.55","2,787.00","1,901.15",267337,"56,77,02,928.40",20541
19-Apr-18,EQ,"2,111.00","2,140.00","2,107.00","2,101.65","2,135.00","2,136.30","2,121.70","2,787.00","1,901.15",322550,"68,43,54,427.40",17298
18-Apr-18,EQ,"2,114.70","2,117.25","2,091.05","2,105.55","2,100.00","2,101.65","2,104.84","2,787.00","1,901.15",227808,"47,94,99,322.90",15073
17-Apr-18,EQ,"2,105.00","2,117.15","2,088.00","2,102.45","2,105.00","2,105.55","2,104.25","2,787.00","1,901.15",293638,"61,78,87,227.90",16150
16-Apr-18,EQ,"2,081.20","2,110.00","2,075.00","2,089.95","2,102.50","2,102.45","2,099.08","2,787.00","1,901.15",289585,"60,78,62,393.50",16651
13-Apr-18,EQ,"2,072.30","2,096.00","2,067.80","2,060.50","2,087.90","2,089.95","2,085.94","2,787.00","1,901.15",441352,"92,06,33,118.05",29875
12-Apr-18,EQ,"2,078.00","2,078.00","2,054.30","2,100.70","2,060.00","2,060.50","2,061.77","2,787.00","1,901.15",679256,"1,40,04,72,127.65",32393
11-Apr-18,EQ,"2,130.00","2,133.05","2,090.00","2,112.10","2,100.70","2,100.70","2,105.41","2,787.00","1,901.15",306020,"64,42,97,289.80",21575
10-Apr-18,EQ,"2,123.00","2,135.00","2,082.75","2,121.25","2,114.90","2,112.10","2,109.55","2,787.00","1,901.15",515981,"1,08,84,86,528.35",28697
09-Apr-18,EQ,"2,120.00","2,135.40","2,109.00","2,124.80","2,120.00","2,121.25","2,124.12","2,787.00","1,901.15",223287,"47,42,88,604.25",16873
06-Apr-18,EQ,"2,112.00","2,133.60","2,105.05","2,111.10","2,122.00","2,124.80","2,124.83","2,787.00","1,901.15",264845,"56,27,49,321.10",20389
05-Apr-18,EQ,"2,115.00","2,135.60","2,097.00","2,091.40","2,112.00","2,111.10","2,119.17","2,787.00","1,901.15",375110,"79,49,23,490.65",22798
04-Apr-18,EQ,"2,124.00","2,125.25","2,079.95","2,124.90","2,086.15","2,091.40","2,100.45","2,787.00","1,901.15",353719,"74,29,70,641.85",32917
03-Apr-18,EQ,"2,111.00","2,149.85","2,111.00","2,132.10","2,122.30","2,124.90","2,128.44","2,787.00","1,901.15",279023,"59,38,84,901.55",22764
02-Apr-18,EQ,"2,080.00","2,138.00","2,080.00","2,080.55","2,130.90","2,132.10","2,121.71","2,787.00","1,901.15",245975,"52,18,88,167.80",14812
28-Mar-18,EQ,"2,103.00","2,113.60","2,071.60","2,102.45","2,073.60","2,080.55","2,083.21","2,787.00","1,901.15",665647,"1,38,66,80,609.45",27194
27-Mar-18,EQ,"2,096.00","2,119.00","2,090.00","2,104.00","2,106.00","2,102.45","2,103.12","2,787.00","1,901.15",324567,"68,26,04,961.55",16374
26-Mar-18,EQ,"2,072.00","2,109.75","2,050.30","2,072.30","2,095.05","2,104.00","2,073.79","2,787.00","1,901.15",500280,"1,03,74,73,444.20",39312
23-Mar-18,EQ,"2,091.00","2,101.90","2,060.20","2,108.30","2,068.15","2,072.30","2,079.26","2,787.00","1,901.15",474396,"98,63,94,182.60",22313
22-Mar-18,EQ,"2,139.00","2,150.75","2,097.10","2,141.70","2,110.00","2,108.30","2,124.65","2,787.00","1,901.15",410402,"87,19,60,953.05",28329
21-Mar-18,EQ,"2,168.80","2,179.85","2,130.40","2,157.15","2,145.00","2,141.70","2,152.19","2,787.00","1,901.15",369060,"79,42,88,712.30",23129
20-Mar-18,EQ,"2,114.95","2,162.90","2,101.95","2,119.85","2,156.60","2,157.15","2,135.88","2,787.00","1,901.15",387372,"82,73,81,244.45",17437
19-Mar-18,EQ,"2,155.00","2,170.00","2,112.15","2,142.15","2,120.20","2,119.85","2,134.60","2,787.00","1,901.15",292149,"62,36,21,025.85",12919
16-Mar-18,EQ,"2,180.00","2,209.00","2,118.30","2,182.75","2,154.00","2,142.15","2,159.07","2,787.00","1,901.15",594361,"1,28,32,66,698.75",34130
15-Mar-18,EQ,"2,182.45","2,218.40","2,177.00","2,181.45","2,178.65","2,182.75","2,198.24","2,787.00","1,901.15",335767,"73,80,94,838.55",14644
14-Mar-18,EQ,"2,185.00","2,196.00","2,166.80","2,181.50","2,184.55","2,181.45","2,181.32","2,787.00","1,901.15",266769,"58,19,07,660.55",12420
13-Mar-18,EQ,"2,142.00","2,194.15","2,141.25","2,148.40","2,185.00","2,181.50","2,172.92","2,787.00","1,901.15",519269,"1,12,83,27,592.55",20817
12-Mar-18,EQ,"2,160.00","2,163.70","2,122.00","2,129.90","2,155.55","2,148.40","2,140.21","2,787.00","1,901.15",530428,"1,13,52,28,307.00",18319
09-Mar-18,EQ,"2,164.00","2,182.80","2,095.00","2,143.40","2,122.15","2,129.90","2,148.92","2,884.00","1,901.15",470814,"1,01,17,42,521.55",26347
08-Mar-18,EQ,"2,172.90","2,182.00","2,128.10","2,149.60","2,156.00","2,143.40","2,147.66","2,884.00","1,901.15",476763,"1,02,39,27,018.50",27116
07-Mar-18,EQ,"2,176.50","2,204.30","2,143.00","2,176.45","2,150.10","2,149.60","2,168.91","2,884.00","1,901.15",492494,"1,06,81,75,248.80",29114
06-Mar-18,EQ,"2,201.45","2,223.80","2,166.85","2,180.80","2,176.50","2,176.45","2,204.49","2,884.00","1,901.15",415000,"91,48,63,770.05",23272
05-Mar-18,EQ,"2,229.80","2,239.90","2,175.80","2,231.50","2,182.15","2,180.80","2,196.78","2,884.00","1,901.15",598344,"1,31,44,30,749.65",23294
01-Mar-18,EQ,"2,200.05","2,239.75","2,193.55","2,237.25","2,229.00","2,231.50","2,227.72","2,948.80","1,901.15",430777,"95,96,52,250.65",29121
28-Feb-18,EQ,"2,223.05","2,266.95","2,218.20","2,236.00","2,234.00","2,237.25","2,251.21","2,948.80","1,901.15",992777,"2,23,49,53,233.15",53878
27-Feb-18,EQ,"2,200.20","2,241.55","2,198.30","2,193.80","2,236.00","2,236.00","2,225.23","2,948.80","1,901.15",676152,"1,50,45,94,554.45",45019
26-Feb-18,EQ,"2,120.00","2,207.20","2,090.00","2,167.05","2,193.00","2,193.80","2,152.57","2,948.80","1,901.15",1184749,"2,55,02,52,299.90",59634
23-Feb-18,EQ,"2,142.40","2,185.00","2,135.05","2,123.45","2,159.00","2,167.05","2,167.07","2,948.80","1,901.15",743506,"1,61,12,31,856.85",31045
22-Feb-18,EQ,"2,167.00","2,172.60","2,086.55","2,165.90","2,124.10","2,123.45","2,119.08","2,948.80","1,901.15",1665309,"3,52,89,16,142.95",68634
21-Feb-18,EQ,"2,180.20","2,202.00","2,140.75","2,163.65","2,174.95","2,165.90","2,176.66","2,948.80","1,901.15",498005,"1,08,39,89,059.15",23149
20-Feb-18,EQ,"2,155.00","2,196.50","2,144.20","2,152.00","2,169.00","2,163.65","2,166.14","2,948.80","1,901.15",669025,"1,44,92,00,348.95",27568
19-Feb-18,EQ,"2,223.00","2,233.95","2,105.05","2,213.55","2,155.00","2,152.00","2,168.08","2,948.80","1,901.15",562310,"1,21,91,33,973.80",37182
16-Feb-18,EQ,"2,207.00","2,240.00","2,207.00","2,195.80","2,212.00","2,213.55","2,225.27","2,988.25","1,901.15",458897,"1,02,11,68,369.05",20712
15-Feb-18,EQ,"2,204.00","2,219.00","2,177.30","2,183.30","2,198.00","2,195.80","2,198.22","2,988.25","1,901.15",345185,"75,87,92,420.85",15786
14-Feb-18,EQ,"2,210.00","2,226.00","2,175.60","2,204.25","2,179.00","2,183.30","2,198.63","2,988.25","1,901.15",309833,"68,12,08,758.30",18223
12-Feb-18,EQ,"2,194.70","2,229.75","2,179.00","2,193.80","2,199.85","2,204.25","2,212.34","2,988.25","1,901.15",482626,"1,06,77,34,473.00",23467
09-Feb-18,EQ,"2,150.00","2,208.00","2,133.60","2,180.45","2,193.80","2,193.80","2,179.71","3,177.00","1,901.15",479123,"1,04,43,49,639.15",32142
08-Feb-18,EQ,"2,125.00","2,196.00","2,125.00","2,111.40","2,180.00","2,180.45","2,170.10","3,177.00","1,901.15",889623,"1,93,05,74,998.50",48617
07-Feb-18,EQ,"2,125.15","2,147.00","2,096.25","2,095.70","2,103.00","2,111.40","2,125.32","3,177.00","1,901.15",398161,"84,62,19,387.15",28809
06-Feb-18,EQ,"2,050.00","2,124.00","2,005.55","2,116.50","2,084.00","2,095.70","2,082.71","3,177.00","1,901.15",763234,"1,58,95,92,159.60",45557
05-Feb-18,EQ,"2,110.20","2,139.00","2,088.65","2,123.55","2,128.00","2,116.50","2,117.94","3,177.00","1,901.15",603638,"1,27,84,70,664.85",41671
02-Feb-18,EQ,"2,150.00","2,211.05","2,110.05","2,157.95","2,112.05","2,123.55","2,157.60","3,177.00","1,901.15",959646,"2,07,05,35,029.75",59003
01-Feb-18,EQ,"2,225.00","2,225.00","2,153.10","2,225.35","2,160.00","2,157.95","2,180.80","3,177.00","1,901.15",968321,"2,11,17,11,948.05",56522
31-Jan-18,EQ,"2,293.00","2,306.15","2,203.55","2,306.15","2,224.00","2,225.35","2,238.27","3,177.00","1,901.15",1143907,"2,56,03,76,805.50",71094
30-Jan-18,EQ,"2,356.00","2,356.00","2,285.20","2,357.10","2,307.00","2,306.15","2,311.29","3,177.00","1,901.15",858002,"1,98,30,93,953.70",46421
29-Jan-18,EQ,"2,448.95","2,452.00","2,342.00","2,507.75","2,360.00","2,357.10","2,391.38","3,177.00","1,901.15",1154567,"2,76,10,06,086.90",59113
25-Jan-18,EQ,"2,554.00","2,597.10","2,453.20","2,559.40","2,501.05","2,507.75","2,518.96","3,177.00","1,901.15",2652030,"6,68,03,52,004.85",110207
24-Jan-18,EQ,"2,523.00","2,615.00","2,523.00","2,520.40","2,561.50","2,559.40","2,575.26","3,177.00","1,901.15",1126277,"2,90,04,54,809.25",54410
23-Jan-18,EQ,"2,510.00","2,549.95","2,501.00","2,496.55","2,520.15","2,520.40","2,528.57","3,177.00","1,901.15",730091,"1,84,60,88,385.20",44706
22-Jan-18,EQ,"2,440.00","2,519.00","2,440.00","2,490.35","2,506.30","2,496.55","2,483.83","3,177.00","1,901.15",692415,"1,71,98,40,605.95",41966
19-Jan-18,EQ,"2,467.00","2,505.00","2,452.00","2,461.50","2,486.10","2,490.35","2,482.65","3,177.00","1,901.15",240896,"59,80,60,841.50",16316
18-Jan-18,EQ,"2,500.00","2,534.00","2,450.15","2,491.85","2,452.00","2,461.50","2,493.17","3,177.00","1,901.15",584198,"1,45,65,06,204.75",24761
17-Jan-18,EQ,"2,467.00","2,506.00","2,462.85","2,468.70","2,491.95","2,491.85","2,491.37","3,177.00","1,901.15",381788,"95,11,76,554.70",24482
16-Jan-18,EQ,"2,436.00","2,484.00","2,431.75","2,431.75","2,468.05","2,468.70","2,465.98","3,177.00","1,901.15",372133,"91,76,72,478.85",25621
15-Jan-18,EQ,"2,447.00","2,461.25","2,425.05","2,447.65","2,435.00","2,431.75","2,443.25","3,177.00","1,901.15",156821,"38,31,52,622.55",11089
12-Jan-18,EQ,"2,433.00","2,453.85","2,413.65","2,425.35","2,449.00","2,447.65","2,435.83","3,177.00","1,901.15",355780,"86,66,19,682.15",21392
11-Jan-18,EQ,"2,427.00","2,451.00","2,418.00","2,425.80","2,424.80","2,425.35","2,432.89","3,177.00","1,901.15",185159,"45,04,71,546.10",15411
10-Jan-18,EQ,"2,459.95","2,472.00","2,420.00","2,457.80","2,427.10","2,425.80","2,436.94","3,177.00","1,901.15",344328,"83,91,04,989.10",20822
09-Jan-18,EQ,"2,474.50","2,475.75","2,450.00","2,476.60","2,455.00","2,457.80","2,461.96","3,177.00","1,901.15",243824,"60,02,85,672.75",14709
08-Jan-18,EQ,"2,470.00","2,512.00","2,470.00","2,473.40","2,479.00","2,476.60","2,491.68","3,177.00","1,901.15",585871,"1,45,98,01,666.15",33251
05-Jan-18,EQ,"2,429.00","2,479.00","2,394.90","2,410.80","2,470.00","2,473.40","2,444.89","3,203.85","1,901.15",639900,"1,56,44,85,339.70",26189
04-Jan-18,EQ,"2,343.00","2,420.00","2,343.00","2,339.00","2,414.80","2,410.80","2,387.12","3,203.85","1,901.15",558617,"1,33,34,84,925.65",23669
03-Jan-18,EQ,"2,386.50","2,386.50","2,292.10","2,409.20","2,340.55","2,339.00","2,340.86","3,203.85","1,901.15",886002,"2,07,40,06,998.00",42505
02-Jan-18,EQ,"2,427.00","2,439.00","2,395.60","2,404.15","2,405.00","2,409.20","2,416.68","3,203.85","1,901.15",251537,"60,78,83,952.00",15019
01-Jan-18,EQ,"2,410.00","2,436.00","2,394.05","2,414.20","2,408.00","2,404.15","2,412.28","3,203.85","1,901.15",242081,"58,39,66,342.60",10416
29-Dec-17,EQ,"2,429.95","2,445.95","2,403.15","2,430.00","2,414.25","2,414.20","2,424.53","3,203.85","1,901.15",331967,"80,48,64,049.05",20651
28-Dec-17,EQ,"2,409.90","2,448.40","2,401.25","2,400.30","2,438.00","2,430.00","2,420.47","3,203.85","1,901.15",764680,"1,85,08,86,904.70",41473
27-Dec-17,EQ,"2,363.00","2,424.05","2,362.00","2,360.30","2,395.10","2,400.30","2,402.66","3,203.85","1,901.15",693520,"1,66,62,90,391.70",39424
26-Dec-17,EQ,"2,334.95","2,367.00","2,329.00","2,332.70","2,361.00","2,360.30","2,353.60","3,203.85","1,901.15",410936,"96,71,77,855.20",22405
22-Dec-17,EQ,"2,360.00","2,363.00","2,330.00","2,351.75","2,335.00","2,332.70","2,339.02","3,203.85","1,901.15",249602,"58,38,24,593.85",11590
21-Dec-17,EQ,"2,365.00","2,374.70","2,341.00","2,356.00","2,350.90","2,351.75","2,356.25","3,203.85","1,901.15",249941,"58,89,23,932.25",19666
20-Dec-17,EQ,"2,395.00","2,395.00","2,350.40","2,399.50","2,360.00","2,356.00","2,364.47","3,203.85","1,901.15",291975,"69,03,65,963.50",16177
19-Dec-17,EQ,"2,404.50","2,421.60","2,391.20","2,395.00","2,404.00","2,399.50","2,406.21","3,203.85","1,901.15",448959,"1,08,02,90,753.75",27311
18-Dec-17,EQ,"2,365.00","2,428.00","2,332.95","2,371.50","2,394.00","2,395.00","2,396.26","3,203.85","1,901.15",528351,"1,26,60,64,202.35",34132
15-Dec-17,EQ,"2,325.00","2,380.00","2,316.45","2,310.65","2,370.00","2,371.50","2,350.22","3,203.85","1,901.15",743680,"1,74,78,10,478.65",43902
14-Dec-17,EQ,"2,288.10","2,319.70","2,275.00","2,260.70","2,313.75","2,310.65","2,300.88","3,203.85","1,901.15",836204,"1,92,40,07,247.20",42352
13-Dec-17,EQ,"2,260.00","2,287.35","2,253.05","2,256.35","2,264.00","2,260.70","2,270.48","3,203.85","1,901.15",401576,"91,17,71,614.25",18762
12-Dec-17,EQ,"2,324.50","2,326.40","2,233.80","2,192.90","2,255.00","2,256.35","2,275.07","3,203.85","1,901.15",1482214,"3,37,21,33,613.00",77129
11-Dec-17,EQ,"2,198.70","2,213.90","2,171.00","2,185.45","2,197.00","2,192.90","2,196.66","3,203.85","1,901.15",377793,"82,98,81,770.55",19638
08-Dec-17,EQ,"2,206.10","2,208.00","2,179.35","2,196.35","2,186.50","2,185.45","2,188.78","3,241.55","1,901.15",383817,"84,00,89,912.50",21556
07-Dec-17,EQ,"2,208.00","2,215.00","2,188.00","2,200.20","2,196.05","2,196.35","2,200.29","3,241.55","1,901.15",234439,"51,58,34,910.30",15264
06-Dec-17,EQ,"2,208.00","2,223.75","2,194.40","2,209.35","2,201.00","2,200.20","2,207.49","3,241.55","1,901.15",260730,"57,55,57,603.60",16934
05-Dec-17,EQ,"2,247.00","2,247.00","2,202.10","2,242.40","2,208.25","2,209.35","2,212.97","3,241.55","1,901.15",285781,"63,24,24,045.35",20622
04-Dec-17,EQ,"2,275.00","2,275.00","2,229.05","2,233.90","2,244.00","2,242.40","2,246.96","3,241.55","1,901.15",295595,"66,41,91,473.40",15853
01-Dec-17,EQ,"2,280.00","2,286.00","2,222.50","2,284.05","2,234.00","2,233.90","2,258.61","3,247.25","1,901.15",529288,"1,19,54,56,318.70",20693
30-Nov-17,EQ,"2,261.00","2,312.15","2,261.00","2,276.80","2,286.00","2,284.05","2,286.25","3,247.25","1,901.15",1452047,"3,31,97,45,305.25",57762
29-Nov-17,EQ,"2,294.00","2,319.90","2,270.00","2,290.90","2,270.65","2,276.80","2,288.91","3,247.25","1,901.15",575033,"1,31,61,99,461.50",38045
28-Nov-17,EQ,"2,290.00","2,304.00","2,268.00","2,294.80","2,281.05","2,290.90","2,287.61","3,247.25","1,901.15",307103,"70,25,33,078.60",16546
27-Nov-17,EQ,"2,296.00","2,305.80","2,280.55","2,295.05","2,294.00","2,294.80","2,294.03","3,247.25","1,901.15",246222,"56,48,41,168.70",14696
24-Nov-17,EQ,"2,310.00","2,322.90","2,286.85","2,306.25","2,292.00","2,295.05","2,306.68","3,247.25","1,901.15",346100,"79,83,40,718.40",28220
23-Nov-17,EQ,"2,361.05","2,367.00","2,300.00","2,360.65","2,309.00","2,306.25","2,315.95","3,247.25","1,901.15",686743,"1,59,04,64,719.95",33805
22-Nov-17,EQ,"2,365.00","2,384.95","2,336.05","2,394.15","2,359.00","2,360.65","2,359.75","3,247.25","1,901.15",536873,"1,26,68,85,078.35",26950
21-Nov-17,EQ,"2,275.20","2,494.00","2,275.20","2,274.45","2,397.25","2,394.15","2,380.58","3,247.25","1,901.15",2392882,"5,69,64,53,868.80",103598
20-Nov-17,EQ,"2,337.00","2,337.00","2,260.15","2,322.60","2,272.30","2,274.45","2,300.70","3,247.25","1,901.15",273585,"62,94,36,707.90",17733
17-Nov-17,EQ,"2,333.55","2,356.95","2,303.00","2,333.55","2,319.00","2,322.60","2,325.76","3,354.95","1,901.15",274657,"63,87,86,990.65",14465
16-Nov-17,EQ,"2,322.10","2,342.10","2,315.00","2,310.15","2,334.00","2,333.55","2,328.48","3,354.95","1,901.15",282950,"65,88,42,835.00",18672
15-Nov-17,EQ,"2,324.40","2,337.00","2,293.00","2,320.30","2,305.50","2,310.15","2,318.43","3,354.95","1,901.15",224495,"52,04,74,934.75",15017
14-Nov-17,EQ,"2,348.70","2,349.95","2,310.05","2,344.10","2,324.00","2,320.30","2,332.63","3,354.95","1,901.15",279262,"65,14,16,216.60",22225
13-Nov-17,EQ,"2,354.70","2,375.00","2,330.05","2,347.85","2,337.00","2,344.10","2,351.47","3,354.95","1,901.15",299182,"70,35,16,620.35",16933
10-Nov-17,EQ,"2,369.80","2,379.90","2,340.00","2,370.10","2,341.00","2,347.85","2,350.42","3,354.95","1,901.15",209756,"49,30,14,983.40",10452
09-Nov-17,EQ,"2,368.60","2,384.10","2,340.20","2,346.60","2,374.00","2,370.10","2,358.89","3,354.95","1,901.15",345854,"81,58,31,600.55",22818
08-Nov-17,EQ,"2,380.20","2,420.00","2,340.00","2,378.00","2,354.00","2,346.60","2,383.96","3,354.95","1,901.15",432395,"1,03,08,13,886.00",33049
07-Nov-17,EQ,"2,402.20","2,415.00","2,337.50","2,392.25","2,385.00","2,378.00","2,375.25","3,354.95","1,901.15",518350,"1,23,12,08,902.25",25613
06-Nov-17,EQ,"2,414.00","2,419.10","2,380.65","2,419.10","2,387.45","2,392.25","2,401.80","3,354.95","1,901.15",283667,"68,13,10,994.85",18436
03-Nov-17,EQ,"2,434.70","2,449.80","2,392.95","2,411.40","2,427.00","2,419.10","2,418.28","3,361.75","1,901.15",576646,"1,39,44,93,482.75",36187
02-Nov-17,EQ,"2,354.20","2,440.00","2,354.20","2,354.20","2,405.00","2,411.40","2,411.41","3,361.75","1,901.15",1239887,"2,98,98,78,189.10",65249
01-Nov-17,EQ,"2,412.00","2,418.65","2,348.00","2,428.15","2,355.00","2,354.20","2,374.21","3,361.75","1,901.15",1176092,"2,79,22,87,015.90",77955
31-Oct-17,EQ,"2,420.00","2,504.00","2,390.00","2,438.50","2,428.20","2,428.15","2,457.73","3,361.75","1,901.15",1957333,"4,81,05,90,010.85",81908
30-Oct-17,EQ,"2,396.00","2,465.00","2,367.05","2,394.95","2,430.00","2,438.50","2,427.68","3,361.75","1,901.15",832219,"2,02,03,57,811.45",42866
27-Oct-17,EQ,"2,354.70","2,410.00","2,339.80","2,344.35","2,393.65","2,394.95","2,382.90","3,399.90","1,901.15",434936,"1,03,64,08,936.05",25020
26-Oct-17,EQ,"2,349.40","2,357.95","2,315.00","2,348.85","2,345.05","2,344.35","2,336.18","3,399.90","1,901.15",449242,"1,04,95,09,947.10",29865
25-Oct-17,EQ,"2,366.00","2,395.10","2,340.20","2,363.65","2,353.05","2,348.85","2,369.42","3,399.90","1,901.15",295696,"70,06,28,693.55",17116
24-Oct-17,EQ,"2,373.00","2,382.30","2,356.00","2,366.20","2,363.65","2,363.65","2,367.37","3,399.90","1,901.15",194673,"46,08,63,782.75",14175
23-Oct-17,EQ,"2,390.10","2,415.00","2,352.00","2,373.05","2,366.20","2,366.20","2,374.32","3,399.90","1,901.15",363956,"86,41,46,410.45",23648
19-Oct-17,EQ,"2,385.00","2,387.00","2,362.05","2,385.40","2,376.90","2,373.05","2,374.37","3,399.90","1,901.15",47303,"11,23,14,876.05",2637
18-Oct-17,EQ,"2,386.70","2,404.00","2,376.00","2,381.35","2,389.00","2,385.40","2,390.51","3,399.90","1,901.15",333114,"79,63,12,997.55",15907
17-Oct-17,EQ,"2,397.00","2,397.00","2,375.50","2,403.50","2,380.10","2,381.35","2,383.43","3,399.90","1,901.15",307110,"73,19,73,933.95",16671
16-Oct-17,EQ,"2,356.00","2,411.00","2,356.00","2,354.45","2,397.75","2,403.50","2,388.92","3,399.90","1,901.15",386658,"92,36,95,986.45",23170
13-Oct-17,EQ,"2,373.00","2,379.60","2,350.00","2,379.85","2,354.50","2,354.45","2,360.99","3,399.90","1,901.15",341789,"80,69,58,849.20",21750
12-Oct-17,EQ,"2,397.00","2,397.00","2,358.50","2,372.15","2,380.00","2,379.85","2,377.22","3,399.90","1,901.15",416094,"98,91,45,174.70",26030
11-Oct-17,EQ,"2,409.90","2,420.05","2,351.40","2,411.35","2,375.00","2,372.15","2,386.46","3,399.90","1,901.15",450295,"1,07,46,11,266.15",18538
10-Oct-17,EQ,"2,419.70","2,431.25","2,401.60","2,408.95","2,409.00","2,411.35","2,419.95","3,399.90","1,901.15",316335,"76,55,14,347.05",16410
09-Oct-17,EQ,"2,380.00","2,433.00","2,379.25","2,375.85","2,409.85","2,408.95","2,414.28","3,399.90","1,901.15",633048,"1,52,83,54,478.35",34288
06-Oct-17,EQ,"2,395.00","2,409.90","2,368.00","2,389.15","2,377.00","2,375.85","2,382.66","3,399.90","1,901.15",533762,"1,27,17,73,959.40",27974
05-Oct-17,EQ,"2,392.00","2,428.40","2,376.00","2,387.60","2,379.05","2,389.15","2,400.83","3,399.90","1,901.15",759504,"1,82,34,39,898.80",28910
04-Oct-17,EQ,"2,342.00","2,398.40","2,319.55","2,335.55","2,392.00","2,387.60","2,368.38","3,399.90","1,901.15",1187980,"2,81,35,84,718.00",58154
03-Oct-17,EQ,"2,415.00","2,415.00","2,320.45","2,328.75","2,325.00","2,335.55","2,361.12","3,399.90","1,901.15",978860,"2,31,12,02,766.15",41957
29-Sep-17,EQ,"2,375.40","2,390.70","2,320.10","2,375.40","2,330.50","2,328.75","2,352.71","3,399.90","1,901.15",1133595,"2,66,70,20,909.50",47268
28-Sep-17,EQ,"2,300.00","2,415.00","2,272.20","2,304.70","2,381.35","2,375.40","2,375.35","3,399.90","1,901.15",2815633,"6,68,81,14,161.15",97102
27-Sep-17,EQ,"2,360.00","2,384.00","2,281.10","2,370.75","2,311.50","2,304.70","2,336.00","3,399.90","1,901.15",935536,"2,18,54,15,949.30",41669
26-Sep-17,EQ,"2,414.00","2,415.00","2,322.65","2,417.25","2,369.95","2,370.75","2,372.01","3,399.90","1,901.15",1424436,"3,37,87,82,415.10",61227
25-Sep-17,EQ,"2,464.00","2,475.00","2,405.00","2,457.75","2,428.20","2,417.25","2,428.65","3,399.90","1,901.15",911049,"2,21,26,14,781.35",46122
22-Sep-17,EQ,"2,494.00","2,526.75","2,446.55","2,486.55","2,461.00","2,457.75","2,487.73","3,399.90","1,901.15",1991351,"4,95,39,47,243.90",76280
21-Sep-17,EQ,"2,346.25","2,500.00","2,346.25","2,314.70","2,490.00","2,486.55","2,439.82","3,399.90","1,901.15",4057364,"9,89,92,17,598.60",159039
20-Sep-17,EQ,"2,250.00","2,329.00","2,240.00","2,241.55","2,325.00","2,314.70","2,297.29","3,399.90","1,901.15",1333098,"3,06,25,10,544.70",68935
19-Sep-17,EQ,"2,232.00","2,265.00","2,200.00","2,242.05","2,240.30","2,241.55","2,240.35","3,399.90","1,901.15",566790,"1,26,98,10,216.40",27317
18-Sep-17,EQ,"2,204.00","2,258.55","2,175.60","2,211.20","2,255.00","2,242.05","2,213.95","3,399.90","1,901.15",730962,"1,61,83,14,092.50",28151
15-Sep-17,EQ,"2,225.20","2,245.00","2,201.10","2,253.35","2,208.30","2,211.20","2,217.85","3,399.90","1,901.15",672801,"1,49,21,74,491.25",32429
14-Sep-17,EQ,"2,234.00","2,264.95","2,230.00","2,217.35","2,257.75","2,253.35","2,248.43","3,399.90","1,901.15",613254,"1,37,88,58,126.25",27683
13-Sep-17,EQ,"2,187.00","2,228.00","2,169.15","2,165.75","2,223.95","2,217.35","2,207.30","3,399.90","1,901.15",755242,"1,66,70,42,477.45",32366
12-Sep-17,EQ,"2,165.00","2,197.40","2,135.40","2,159.50","2,162.15","2,165.75","2,164.65","3,399.90","1,901.15",517997,"1,12,12,84,554.70",30693
11-Sep-17,EQ,"2,169.00","2,198.00","2,154.00","2,162.50","2,155.95","2,159.50","2,175.08","3,399.90","1,901.15",445377,"96,87,31,294.20",31342
08-Sep-17,EQ,"2,229.00","2,229.00","2,066.15","2,224.95","2,161.00","2,162.50","2,156.71","3,399.90","1,901.15",1719424,"3,70,82,96,004.85",67014
07-Sep-17,EQ,"2,204.00","2,235.00","2,201.00","2,196.90","2,215.00","2,224.95","2,221.30","3,399.90","1,901.15",491394,"1,09,15,33,618.45",26753
06-Sep-17,EQ,"2,185.35","2,208.00","2,175.75","2,209.15","2,191.35","2,196.90","2,193.90","3,399.90","1,901.15",527252,"1,15,67,36,933.30",31659
05-Sep-17,EQ,"2,198.30","2,218.35","2,181.90","2,195.10","2,203.00","2,209.15","2,204.59","3,399.90","1,901.15",513527,"1,13,21,14,828.10",21785
04-Sep-17,EQ,"2,234.00","2,236.40","2,173.25","2,217.55","2,181.90","2,195.10","2,197.67","3,399.90","1,901.15",947235,"2,08,17,05,870.45",42018
01-Sep-17,EQ,"2,115.00","2,233.00","2,115.00","2,020.90","2,212.00","2,217.55","2,182.67","3,399.90","1,901.15",3613589,"7,88,72,76,769.80",122958
31-Aug-17,EQ,"2,044.00","2,051.70","2,006.00","2,038.90","2,017.55","2,020.90","2,024.27","3,399.90","1,901.15",837809,"1,69,59,50,603.80",34811
30-Aug-17,EQ,"2,047.00","2,074.40","2,031.40","2,042.05","2,033.00","2,038.90","2,055.64","3,399.90","1,901.15",401449,"82,52,36,192.40",20906
29-Aug-17,EQ,"2,049.00","2,067.50","2,032.00","2,049.40","2,037.15","2,042.05","2,049.47","3,399.90","1,901.15",607366,"1,24,47,78,638.25",24715
28-Aug-17,EQ,"2,084.00","2,089.75","2,027.10","2,088.15","2,050.00","2,049.40","2,051.48","3,399.90","1,901.15",844176,"1,73,18,13,221.20",39746
24-Aug-17,EQ,"2,028.00","2,100.00","2,010.55","2,030.95","2,080.00","2,088.15","2,069.20","3,399.90","1,901.15",1124967,"2,32,77,82,218.15",64453
23-Aug-17,EQ,"1,991.00","2,053.45","1,991.00","1,984.15","2,028.30","2,030.95","2,030.20","3,399.90","1,901.15",809996,"1,64,44,52,739.95",39497
22-Aug-17,EQ,"1,945.00","2,014.00","1,935.00","1,931.10","1,978.80","1,984.15","1,979.81","3,399.90","1,901.15",772164,"1,52,87,37,153.65",38427
21-Aug-17,EQ,"1,990.00","2,001.00","1,921.10","1,982.00","1,934.50","1,931.10","1,960.09","3,399.90","1,901.15",418295,"81,98,96,731.85",19527
18-Aug-17,EQ,"1,998.00","2,007.55","1,971.30","2,011.25","1,981.05","1,982.00","1,986.40","3,399.90","1,901.15",349297,"69,38,42,325.25",17725
17-Aug-17,EQ,"2,010.00","2,031.90","1,992.45","2,005.25","2,007.90","2,011.25","2,011.74","3,399.90","1,901.15",540131,"1,08,66,05,443.75",24709
16-Aug-17,EQ,"1,995.00","2,017.80","1,970.05","2,002.05","1,992.45","2,005.25","1,994.02","3,399.90","1,901.15",662136,"1,32,03,11,276.50",32294
14-Aug-17,EQ,"2,000.00","2,039.90","1,970.10","2,011.15","2,002.00","2,002.05","2,004.45","3,399.90","1,901.15",843270,"1,69,02,95,221.60",39430
11-Aug-17,EQ,"1,925.05","2,029.95","1,901.15","1,944.45","2,016.00","2,011.15","1,976.92","3,399.90","1,901.15",1857913,"3,67,29,48,660.75",103761
10-Aug-17,EQ,"2,042.00","2,099.00","1,934.10","2,048.35","1,945.10","1,944.45","2,008.04","3,399.90","1,934.10",1540007,"3,09,24,01,284.40",82468
09-Aug-17,EQ,"2,090.90","2,105.00","2,032.50","2,095.65","2,042.10","2,048.35","2,057.88","3,399.90","2,032.50",1124987,"2,31,50,92,583.40",75234
08-Aug-17,EQ,"2,205.80","2,206.95","2,084.85","2,206.95","2,089.00","2,095.65","2,144.08","3,399.90","2,084.85",1360991,"2,91,80,74,107.90",70288
07-Aug-17,EQ,"2,240.00","2,257.00","2,200.00","2,239.55","2,202.00","2,206.95","2,229.80","3,399.90","2,200.00",736078,"1,64,13,06,908.35",39569
04-Aug-17,EQ,"2,315.00","2,315.05","2,230.10","2,323.95","2,238.00","2,239.55","2,259.94","3,399.90","2,230.10",1226639,"2,77,21,25,168.15",68535
03-Aug-17,EQ,"2,388.00","2,397.00","2,314.35","2,378.55","2,321.60","2,323.95","2,355.05","3,399.90","2,314.35",777585,"1,83,12,52,484.70",44064
02-Aug-17,EQ,"2,435.10","2,439.90","2,372.40","2,431.55","2,380.00","2,378.55","2,399.24","3,399.90","2,369.80",570459,"1,36,86,66,303.55",33446
01-Aug-17,EQ,"2,379.00","2,458.00","2,369.80","2,383.20","2,426.00","2,431.55","2,434.57","3,399.90","2,369.80",1034078,"2,51,75,34,036.05",49499
31-Jul-17,EQ,"2,438.00","2,448.10","2,375.00","2,464.95","2,375.90","2,383.20","2,397.27","3,399.90","2,375.00",1525068,"3,65,59,98,819.75",60287
28-Jul-17,EQ,"2,499.50","2,506.55","2,451.10","2,620.35","2,465.20","2,464.95","2,477.93","3,579.15","2,380.35",1548997,"3,83,83,01,243.45",83696
27-Jul-17,EQ,"2,710.00","2,723.00","2,587.00","2,707.35","2,599.00","2,620.35","2,654.38","3,579.15","2,380.35",1822665,"4,83,80,47,469.25",59608
26-Jul-17,EQ,"2,708.00","2,716.55","2,680.90","2,692.15","2,706.50","2,707.35","2,696.36","3,579.15","2,380.35",174665,"47,09,60,137.05",12237
25-Jul-17,EQ,"2,696.45","2,713.35","2,680.00","2,696.45","2,687.00","2,692.15","2,693.25","3,579.15","2,380.35",374960,"1,00,98,61,565.55",23100
24-Jul-17,EQ,"2,785.00","2,787.00","2,688.90","2,762.55","2,692.00","2,696.45","2,705.80","3,579.15","2,380.35",517895,"1,40,13,20,059.95",31506
21-Jul-17,EQ,"2,738.00","2,780.00","2,727.00","2,750.10","2,758.10","2,762.55","2,755.38","3,689.85","2,380.35",282516,"77,84,39,475.55",16207
20-Jul-17,EQ,"2,774.95","2,778.40","2,742.30","2,774.00","2,746.00","2,750.10","2,757.08","3,689.85","2,380.35",187889,"51,80,25,590.70",13578
19-Jul-17,EQ,"2,723.00","2,784.80","2,720.35","2,718.95","2,780.00","2,774.00","2,761.79","3,689.85","2,380.35",364602,"1,00,69,55,811.10",21326
18-Jul-17,EQ,"2,690.00","2,743.30","2,687.55","2,697.25","2,722.00","2,718.95","2,727.53","3,689.85","2,380.35",301108,"82,12,81,939.15",21104
17-Jul-17,EQ,"2,697.40","2,703.70","2,682.30","2,703.00","2,696.00","2,697.25","2,696.48","3,689.85","2,380.35",201896,"54,44,07,643.35",7956
14-Jul-17,EQ,"2,699.15","2,725.00","2,686.40","2,694.00","2,700.00","2,703.00","2,704.52","3,689.85","2,380.35",195286,"52,81,54,103.95",9780
13-Jul-17,EQ,"2,693.25","2,719.75","2,683.00","2,690.10","2,691.00","2,694.00","2,701.55","3,689.85","2,380.35",137183,"37,06,06,244.00",13427
12-Jul-17,EQ,"2,693.85","2,721.45","2,668.65","2,691.25","2,683.00","2,690.10","2,694.86","3,689.85","2,380.35",213175,"57,44,77,093.25",12948
11-Jul-17,EQ,"2,730.00","2,732.40","2,683.00","2,726.20","2,689.90","2,691.25","2,713.10","3,689.85","2,380.35",160926,"43,66,08,091.55",16488
10-Jul-17,EQ,"2,733.30","2,745.50","2,700.00","2,705.40","2,722.00","2,726.20","2,733.17","3,689.85","2,380.35",40393,"11,04,00,852.95",2475
07-Jul-17,EQ,"2,669.80","2,729.50","2,667.25","2,667.90","2,705.00","2,705.40","2,714.59","3,689.85","2,380.35",284992,"77,36,36,376.95",20834
06-Jul-17,EQ,"2,664.95","2,679.00","2,642.10","2,664.95","2,676.55","2,667.90","2,661.82","3,689.85","2,380.35",124936,"33,25,57,419.20",14248
05-Jul-17,EQ,"2,621.50","2,669.00","2,621.50","2,623.70","2,665.05","2,664.95","2,647.30","3,689.85","2,380.35",181326,"48,00,23,556.75",14235
04-Jul-17,EQ,"2,668.10","2,676.10","2,610.30","2,682.55","2,621.80","2,623.70","2,633.30","3,689.85","2,380.35",264253,"69,58,56,474.30",17098
03-Jul-17,EQ,"2,700.00","2,706.10","2,665.00","2,690.10","2,675.30","2,682.55","2,677.64","3,689.85","2,380.35",144646,"38,73,09,279.50",17660
30-Jun-17,EQ,"2,650.00","2,711.00","2,645.00","2,651.50","2,690.50","2,690.10","2,687.15","3,689.85","2,380.35",327643,"88,04,26,100.25",24633
29-Jun-17,EQ,"2,651.20","2,666.95","2,640.05","2,651.75","2,655.00","2,651.50","2,651.63","3,689.85","2,380.35",181588,"48,15,03,495.20",20449
28-Jun-17,EQ,"2,631.00","2,664.70","2,625.15","2,653.10","2,648.00","2,651.75","2,646.54","3,689.85","2,380.35",191968,"50,80,51,841.40",20324
27-Jun-17,EQ,"2,630.25","2,670.00","2,630.25","2,643.70","2,646.10","2,653.10","2,653.13","3,689.85","2,380.35",265871,"70,53,89,825.50",28765
23-Jun-17,EQ,"2,636.10","2,659.40","2,614.80","2,635.60","2,644.00","2,643.70","2,639.23","3,689.85","2,380.35",232808,"61,44,34,704.70",17366
22-Jun-17,EQ,"2,690.10","2,699.90","2,618.55","2,687.05","2,633.00","2,635.60","2,659.30","3,689.85","2,380.35",171787,"45,68,33,415.15",15252
21-Jun-17,EQ,"2,675.00","2,695.00","2,655.75","2,676.05","2,686.00","2,687.05","2,678.40","3,689.85","2,380.35",179216,"48,00,12,286.55",24341
20-Jun-17,EQ,"2,660.35","2,695.00","2,653.60","2,657.45","2,675.10","2,676.05","2,671.83","3,689.85","2,380.35",196527,"52,50,86,116.00",18333
19-Jun-17,EQ,"2,672.00","2,672.00","2,640.55","2,682.60","2,649.00","2,657.45","2,655.97","3,689.85","2,380.35",441803,"1,17,34,16,345.75",21981
16-Jun-17,EQ,"2,714.20","2,718.15","2,631.00","2,700.50","2,680.10","2,682.60","2,669.56","3,689.85","2,380.35",370538,"98,91,72,133.85",32227
15-Jun-17,EQ,"2,662.70","2,720.95","2,655.00","2,669.30","2,699.00","2,700.50","2,700.86","3,689.85","2,380.35",694652,"1,87,61,56,210.65",24980
14-Jun-17,EQ,"2,668.00","2,699.00","2,645.40","2,626.70","2,662.05","2,669.30","2,672.36","3,689.85","2,380.35",748839,"2,00,11,69,218.75",57350
13-Jun-17,EQ,"2,633.20","2,645.50","2,612.05","2,630.25","2,629.80","2,626.70","2,628.47","3,689.85","2,380.35",135916,"35,72,50,684.35",13501
12-Jun-17,EQ,"2,626.30","2,656.95","2,617.05","2,628.80","2,627.50","2,630.25","2,635.01","3,689.85","2,380.35",138429,"36,47,62,463.70",19006
09-Jun-17,EQ,"2,650.00","2,650.00","2,602.00","2,636.25","2,627.10","2,628.80","2,624.54","3,689.85","2,380.35",206211,"54,12,09,021.45",13688
08-Jun-17,EQ,"2,545.50","2,666.25","2,545.50","2,540.65","2,634.00","2,636.25","2,632.90","3,689.85","2,380.35",845476,"2,22,60,53,263.20",48502
07-Jun-17,EQ,"2,538.00","2,564.50","2,516.05","2,549.30","2,535.00","2,540.65","2,543.22","3,689.85","2,380.35",247189,"62,86,54,853.60",16479
06-Jun-17,EQ,"2,534.95","2,565.50","2,516.00","2,535.85","2,546.25","2,549.30","2,541.61","3,689.85","2,380.35",172111,"43,74,38,467.15",14592
05-Jun-17,EQ,"2,543.15","2,568.00","2,520.10","2,554.50","2,531.00","2,535.85","2,543.32","3,689.85","2,380.35",224677,"57,14,24,640.45",17781
02-Jun-17,EQ,"2,535.20","2,574.80","2,525.15","2,522.80","2,548.35","2,554.50","2,554.08","3,689.85","2,380.35",293291,"74,90,88,057.50",18438
01-Jun-17,EQ,"2,540.00","2,567.75","2,513.90","2,523.85","2,517.10","2,522.80","2,539.65","3,689.85","2,380.35",324502,"82,41,20,054.80",23053
31-May-17,EQ,"2,490.00","2,544.00","2,464.00","2,481.35","2,510.00","2,523.85","2,521.91","3,689.85","2,380.35",786086,"1,98,24,34,960.25",82413
30-May-17,EQ,"2,419.95","2,500.00","2,416.15","2,425.85","2,476.00","2,481.35","2,482.88","3,689.85","2,380.35",437985,"1,08,74,62,474.40",29802
29-May-17,EQ,"2,430.10","2,465.00","2,380.35","2,414.40","2,415.80","2,425.85","2,428.14","3,689.85","2,380.35",543508,"1,31,97,11,334.05",38559
26-May-17,EQ,"2,500.00","2,509.95","2,403.80","2,427.70","2,419.95","2,414.40","2,435.38","3,689.85","2,398.00",721031,"1,75,59,82,583.05",38740
25-May-17,EQ,"2,507.40","2,508.35","2,398.00","2,516.80","2,423.00","2,427.70","2,444.58","3,689.85","2,398.00",808310,"1,97,59,77,067.55",54917
24-May-17,EQ,"2,573.00","2,573.00","2,510.00","2,579.45","2,513.00","2,516.80","2,536.00","3,689.85","2,510.00",366315,"92,89,74,589.00",40598
23-May-17,EQ,"2,618.80","2,618.80","2,542.80","2,608.70","2,585.00","2,579.45","2,573.20","3,689.85","2,521.95",284428,"73,18,91,214.90",27875
22-May-17,EQ,"2,680.00","2,681.95","2,602.10","2,656.45","2,610.00","2,608.70","2,621.76","3,689.85","2,521.95",154462,"40,49,61,904.10",21943
19-May-17,EQ,"2,694.95","2,694.95","2,637.00","2,678.95","2,654.80","2,656.45","2,659.44","3,689.85","2,521.95",260677,"69,32,55,521.10",35605
18-May-17,EQ,"2,695.00","2,719.85","2,672.20","2,736.90","2,681.10","2,678.95","2,693.81","3,689.85","2,521.95",282411,"76,07,61,442.05",22125
17-May-17,EQ,"2,720.00","2,760.00","2,686.55","2,724.10","2,738.00","2,736.90","2,731.48","3,689.85","2,521.95",409818,"1,11,94,07,972.50",25364
16-May-17,EQ,"2,690.80","2,734.00","2,690.80","2,675.80","2,717.50","2,724.10","2,721.18","3,689.85","2,521.95",440462,"1,19,85,76,504.70",27798
15-May-17,EQ,"2,600.00","2,699.00","2,592.00","2,580.80","2,667.50","2,675.80","2,655.42","3,689.85","2,521.95",946756,"2,51,40,38,416.75",60746
12-May-17,EQ,"2,603.00","2,615.00","2,521.95","2,594.00","2,575.00","2,580.80","2,580.55","3,689.85","2,521.95",1230471,"3,17,52,95,340.05",74961
11-May-17,EQ,"2,619.85","2,619.85","2,575.00","2,602.85","2,593.30","2,594.00","2,589.74","3,689.85","2,555.20",214170,"55,46,45,009.80",19242
10-May-17,EQ,"2,592.00","2,622.90","2,579.10","2,581.15","2,597.00","2,602.85","2,597.07","3,689.85","2,555.20",366931,"95,29,44,529.80",10868
09-May-17,EQ,"2,603.00","2,604.00","2,574.00","2,600.50","2,575.85","2,581.15","2,587.67","3,689.85","2,555.20",102353,"26,48,55,684.85",6371
08-May-17,EQ,"2,591.50","2,610.95","2,588.60","2,603.00","2,598.00","2,600.50","2,599.71","3,689.85","2,555.20",110278,"28,66,91,347.45",7620
05-May-17,EQ,"2,604.00","2,625.00","2,594.00","2,606.00","2,597.25","2,603.00","2,608.36","3,689.85","2,555.20",136837,"35,69,19,679.90",13604
04-May-17,EQ,"2,597.00","2,619.90","2,588.65","2,595.60","2,604.40","2,606.00","2,603.86","3,689.85","2,555.20",121309,"31,58,72,080.85",13041
03-May-17,EQ,"2,598.00","2,604.80","2,572.00","2,582.65","2,598.00","2,595.60","2,591.12","3,689.85","2,555.20",128240,"33,22,84,607.75",12344
02-May-17,EQ,"2,578.00","2,616.75","2,566.00","2,599.15","2,583.00","2,582.65","2,588.69","3,689.85","2,555.20",223344,"57,81,67,962.05",20281
28-Apr-17,EQ,"2,610.25","2,612.85","2,583.55","2,596.55","2,598.00","2,599.15","2,598.38","3,689.85","2,555.20",136374,"35,43,51,445.20",10789
27-Apr-17,EQ,"2,611.40","2,625.00","2,587.25","2,610.65","2,592.00","2,596.55","2,602.62","3,689.85","2,555.20",402022,"1,04,63,11,349.60",31405
26-Apr-17,EQ,"2,641.00","2,650.35","2,606.10","2,645.95","2,612.00","2,610.65","2,620.85","3,689.85","2,555.20",323504,"84,78,54,822.65",22985
25-Apr-17,EQ,"2,628.00","2,651.60","2,617.15","2,612.80","2,647.00","2,645.95","2,629.28","3,689.85","2,555.20",275155,"72,34,58,322.70",17893
24-Apr-17,EQ,"2,619.65","2,626.75","2,590.05","2,609.65","2,610.05","2,612.80","2,606.15","3,689.85","2,555.20",138856,"36,18,79,612.95",9554
21-Apr-17,EQ,"2,630.00","2,635.00","2,607.00","2,612.50","2,612.95","2,609.65","2,614.08","3,689.85","2,555.20",110154,"28,79,51,533.05",11107
20-Apr-17,EQ,"2,618.00","2,630.00","2,605.55","2,607.40","2,610.10","2,612.50","2,615.48","3,689.85","2,555.20",147833,"38,66,54,236.15",12836
19-Apr-17,EQ,"2,630.00","2,636.00","2,602.50","2,628.45","2,615.00","2,607.40","2,615.31","3,689.85","2,555.20",202446,"52,94,59,987.70",20400
18-Apr-17,EQ,"2,674.90","2,683.00","2,624.00","2,661.25","2,634.95","2,628.45","2,655.84","3,689.85","2,555.20",212817,"56,52,07,744.30",13942
17-Apr-17,EQ,"2,720.00","2,723.50","2,651.55","2,640.95","2,662.05","2,661.25","2,690.67","3,689.85","2,555.20",468108,"1,25,95,24,582.25",32617
13-Apr-17,EQ,"2,655.00","2,666.00","2,637.05","2,644.85","2,642.40","2,640.95","2,648.54","3,689.85","2,555.20",159436,"42,22,72,793.55",15663
12-Apr-17,EQ,"2,633.00","2,651.90","2,615.30","2,628.10","2,650.40","2,644.85","2,631.02","3,689.85","2,555.20",245231,"64,52,07,880.70",25119
11-Apr-17,EQ,"2,651.00","2,653.00","2,623.95","2,635.85","2,629.00","2,628.10","2,635.88","3,689.85","2,555.20",140229,"36,96,26,123.35",14129
10-Apr-17,EQ,"2,655.00","2,670.75","2,632.45","2,661.35","2,637.10","2,635.85","2,645.41","3,689.85","2,555.20",190492,"50,39,30,003.20",13990
07-Apr-17,EQ,"2,713.00","2,713.00","2,654.00","2,718.10","2,655.00","2,661.35","2,676.54","3,689.85","2,555.20",322812,"86,40,20,006.85",23597
06-Apr-17,EQ,"2,740.80","2,748.20","2,707.85","2,741.35","2,710.00","2,718.10","2,721.27","3,689.85","2,555.20",290413,"79,02,92,353.90",25986
05-Apr-17,EQ,"2,745.00","2,770.00","2,673.00","2,744.45","2,736.90","2,741.35","2,741.25","3,689.85","2,555.20",1033667,"2,83,35,44,145.60",52577
03-Apr-17,EQ,"2,644.80","2,754.00","2,627.10","2,632.35","2,738.80","2,744.45","2,716.76","3,689.85","2,555.20",688429,"1,87,02,96,148.25",41861
31-Mar-17,EQ,"2,614.00","2,645.00","2,614.00","2,613.25","2,632.00","2,632.35","2,631.82","3,689.85","2,555.20",295041,"77,64,94,336.30",19869
30-Mar-17,EQ,"2,630.10","2,646.05","2,606.10","2,633.65","2,616.95","2,613.25","2,622.76","3,689.85","2,555.20",719999,"1,88,83,82,006.50",38308
29-Mar-17,EQ,"2,639.85","2,643.30","2,625.00","2,637.75","2,632.00","2,633.65","2,633.44","3,689.85","2,555.20",327782,"86,31,95,643.25",19861
28-Mar-17,EQ,"2,640.00","2,649.05","2,626.25","2,631.95","2,635.10","2,637.75","2,638.29","3,689.85","2,555.20",151537,"39,97,98,567.60",8386
27-Mar-17,EQ,"2,617.00","2,647.80","2,615.00","2,628.35","2,630.00","2,631.95","2,635.04","3,689.85","2,555.20",356219,"93,86,50,532.10",23955
24-Mar-17,EQ,"2,630.80","2,645.00","2,616.35","2,631.20","2,626.00","2,628.35","2,633.78","3,689.85","2,555.20",345182,"90,91,34,865.40",19043
23-Mar-17,EQ,"2,625.00","2,647.70","2,620.00","2,629.65","2,624.00","2,631.20","2,632.92","3,689.85","2,555.20",316119,"83,23,16,942.55",23938
22-Mar-17,EQ,"2,570.70","2,659.90","2,555.20","2,623.25","2,636.25","2,629.65","2,618.44","3,689.85","2,555.20",886183,"2,32,04,13,027.40",46266
21-Mar-17,EQ,"2,730.00","2,730.00","2,600.00","2,734.35","2,610.00","2,623.25","2,631.59","3,689.85","2,600.00",1453633,"3,82,53,70,437.70",78444
20-Mar-17,EQ,"2,742.00","2,746.00","2,730.00","2,736.25","2,735.60","2,734.35","2,736.33","3,689.85","2,700.00",401080,"1,09,74,86,326.90",11845
17-Mar-17,EQ,"2,753.00","2,753.00","2,724.00","2,751.70","2,733.00","2,736.25","2,736.28","3,689.85","2,700.00",363382,"99,43,15,261.55",28167
16-Mar-17,EQ,"2,750.00","2,765.00","2,745.05","2,739.60","2,752.70","2,751.70","2,755.56","3,689.85","2,700.00",311899,"85,94,54,932.25",26660
15-Mar-17,EQ,"2,724.00","2,756.00","2,724.00","2,741.00","2,740.00","2,739.60","2,742.49","3,689.85","2,700.00",277868,"76,20,50,722.40",26457
14-Mar-17,EQ,"2,746.70","2,754.85","2,716.70","2,715.85","2,741.00","2,741.00","2,735.92","3,689.85","2,700.00",497842,"1,36,20,55,813.85",49861
10-Mar-17,EQ,"2,708.90","2,732.90","2,701.00","2,704.85","2,715.00","2,715.85","2,716.45","3,689.85","2,700.00",548845,"1,49,09,10,852.40",31602
09-Mar-17,EQ,"2,770.00","2,783.00","2,700.00","2,846.80","2,702.10","2,704.85","2,731.34","3,689.85","2,700.00",2195287,"5,99,60,77,953.10",119974
08-Mar-17,EQ,"2,849.00","2,872.75","2,823.00","2,852.30","2,840.00","2,846.80","2,848.49","3,689.85","2,798.95",366171,"1,04,30,35,880.35",35679
07-Mar-17,EQ,"2,869.00","2,883.20","2,850.00","2,858.85","2,854.80","2,852.30","2,861.57","3,689.85","2,798.95",209860,"60,05,29,535.80",22226
06-Mar-17,EQ,"2,884.00","2,884.00","2,851.00","2,871.10","2,853.15","2,858.85","2,863.21","3,689.85","2,798.95",212010,"60,70,29,169.45",23302
03-Mar-17,EQ,"2,881.55","2,893.80","2,863.60","2,870.50","2,865.00","2,871.10","2,880.02","3,689.85","2,798.95",291202,"83,86,67,847.95",38378
02-Mar-17,EQ,"2,909.90","2,909.90","2,862.40","2,923.30","2,865.00","2,870.50","2,882.56","3,689.85","2,798.95",425852,"1,22,75,45,526.95",37206
01-Mar-17,EQ,"2,855.00","2,948.80","2,850.10","2,849.95","2,917.45","2,923.30","2,913.70","3,689.85","2,798.95",898063,"2,61,66,90,130.85",46223
28-Feb-17,EQ,"2,870.25","2,873.00","2,845.00","2,857.00","2,846.05","2,849.95","2,861.04","3,689.85","2,798.95",542658,"1,55,25,67,010.00",26251
27-Feb-17,EQ,"2,884.70","2,886.85","2,846.70","2,887.40","2,860.00","2,857.00","2,858.78","3,689.85","2,798.95",714981,"2,04,39,71,932.35",30808
23-Feb-17,EQ,"2,924.00","2,924.00","2,875.00","2,903.20","2,886.00","2,887.40","2,897.07","3,689.85","2,798.95",747359,"2,16,51,52,646.60",49881
22-Feb-17,EQ,"2,902.00","2,927.00","2,894.25","2,894.05","2,897.00","2,903.20","2,910.78","3,689.85","2,798.95",856440,"2,49,29,08,137.10",46242
21-Feb-17,EQ,"2,898.00","2,935.10","2,885.10","2,898.75","2,892.95","2,894.05","2,901.12","3,689.85","2,798.95",1524490,"4,42,27,35,968.95",55567
20-Feb-17,EQ,"2,922.40","2,925.05","2,890.00","2,912.70","2,890.85","2,898.75","2,901.11","3,689.85","2,798.95",560362,"1,62,56,74,043.25",19859
17-Feb-17,EQ,"2,926.00","2,953.75","2,900.00","2,923.20","2,905.75","2,912.70","2,925.16","3,689.85","2,798.95",897496,"2,62,53,18,595.55",52825
16-Feb-17,EQ,"2,914.10","2,942.50","2,798.95","2,911.35","2,925.00","2,923.20","2,884.23","3,689.85","2,798.95",1367869,"3,94,52,44,678.20",80515
15-Feb-17,EQ,"2,940.00","2,943.95","2,906.20","2,941.45","2,909.45","2,911.35","2,919.33","3,689.85","2,813.05",191099,"55,78,81,909.20",26300
14-Feb-17,EQ,"2,971.80","2,971.80","2,935.00","2,966.95","2,937.00","2,941.45","2,952.27","3,689.85","2,813.05",280718,"82,87,55,498.30",27997
13-Feb-17,EQ,"2,980.95","2,988.25","2,955.45","2,976.05","2,963.00","2,966.95","2,968.63","3,689.85","2,813.05",150555,"44,69,42,772.10",17792
10-Feb-17,EQ,"3,024.90","3,034.35","2,970.00","3,023.10","2,975.95","2,976.05","2,991.20","3,689.85","2,813.05",315001,"94,22,32,074.15",32188
09-Feb-17,EQ,"3,022.00","3,029.40","3,003.00","3,015.45","3,021.00","3,023.10","3,019.82","3,689.85","2,813.05",188798,"57,01,36,353.10",17264
08-Feb-17,EQ,"3,067.95","3,067.95","3,001.00","3,065.10","3,014.00","3,015.45","3,024.36","3,689.85","2,813.05",382685,"1,15,73,75,578.65",24348
07-Feb-17,EQ,"3,095.00","3,110.00","3,047.00","3,096.80","3,066.00","3,065.10","3,082.77","3,689.85","2,813.05",193317,"59,59,52,629.25",15532
06-Feb-17,EQ,"3,170.00","3,177.00","3,045.90","3,144.55","3,090.00","3,096.80","3,090.08","3,689.85","2,813.05",496961,"1,53,56,48,962.40",39673
03-Feb-17,EQ,"3,110.00","3,159.00","3,082.95","3,097.05","3,154.95","3,144.55","3,129.16","3,689.85","2,813.05",276520,"86,52,74,881.95",25485
02-Feb-17,EQ,"3,003.10","3,139.50","2,982.05","3,001.20","3,097.15","3,097.05","3,076.96","3,689.85","2,813.05",503874,"1,55,03,98,290.55",38729
01-Feb-17,EQ,"3,021.10","3,032.95","2,944.10","3,018.80","3,003.00","3,001.20","2,981.18","3,689.85","2,813.05",266573,"79,47,01,361.10",27629
31-Jan-17,EQ,"3,024.00","3,042.00","3,012.20","3,017.05","3,014.00","3,018.80","3,025.84","3,689.85","2,813.05",144631,"43,76,29,637.80",21050
30-Jan-17,EQ,"2,990.00","3,043.90","2,984.05","2,994.55","3,018.00","3,017.05","3,025.00","3,689.85","2,813.05",192634,"58,27,17,444.80",18887
27-Jan-17,EQ,"2,970.00","3,011.55","2,960.00","2,996.30","2,993.00","2,994.55","2,989.93","3,689.85","2,813.05",192111,"57,43,98,680.65",26819
25-Jan-17,EQ,"2,975.00","3,009.00","2,955.65","2,973.35","3,005.00","2,996.30","2,984.48","3,689.85","2,813.05",327631,"97,78,08,046.70",29442
24-Jan-17,EQ,"2,940.25","2,979.80","2,931.75","2,923.65","2,972.80","2,973.35","2,960.21","3,689.85","2,813.05",199296,"58,99,58,013.90",22051
23-Jan-17,EQ,"2,939.00","2,959.95","2,904.00","2,947.40","2,929.65","2,923.65","2,924.73","3,689.85","2,813.05",239373,"70,01,01,913.70",30732
20-Jan-17,EQ,"2,940.00","2,959.70","2,920.00","2,940.25","2,940.00","2,947.40","2,935.46","3,689.85","2,750.05",240877,"70,70,84,582.90",17531
19-Jan-17,EQ,"2,958.00","2,974.75","2,933.45","2,948.05","2,940.00","2,940.25","2,948.09","3,689.85","2,750.05",281420,"82,96,50,414.85",28526
18-Jan-17,EQ,"2,976.60","2,982.20","2,942.00","2,976.55","2,945.00","2,948.05","2,957.74","3,689.85","2,750.05",431020,"1,27,48,44,886.90",28459
17-Jan-17,EQ,"2,988.05","3,000.00","2,970.75","2,985.30","2,975.00","2,976.55","2,983.67","3,689.85","2,750.05",117685,"35,11,33,745.10",16934
16-Jan-17,EQ,"2,999.00","3,007.00","2,965.35","2,979.75","2,990.00","2,985.30","2,984.69","3,689.85","2,750.05",201640,"60,18,32,459.70",22037
13-Jan-17,EQ,"2,992.00","3,004.00","2,975.00","3,008.50","2,979.00","2,979.75","2,986.40","3,689.85","2,750.05",197516,"58,98,60,861.70",21914
12-Jan-17,EQ,"2,977.00","3,019.10","2,943.00","3,042.45","3,010.00","3,008.50","2,994.94","3,689.85","2,750.05",434390,"1,30,09,72,093.85",47461
11-Jan-17,EQ,"3,055.05","3,060.00","3,021.95","3,041.85","3,046.90","3,042.45","3,044.91","3,689.85","2,750.05",277037,"84,35,53,939.40",39094
10-Jan-17,EQ,"3,070.85","3,074.00","3,035.15","3,060.20","3,042.00","3,041.85","3,052.00","3,689.85","2,750.05",246022,"75,08,59,309.20",28872
09-Jan-17,EQ,"3,154.00","3,154.00","3,051.85","3,159.15","3,060.10","3,060.20","3,070.20","3,689.85","2,750.05",280298,"86,05,71,351.35",27908
06-Jan-17,EQ,"3,148.80","3,203.85","3,145.70","3,136.25","3,168.00","3,159.15","3,175.17","3,689.85","2,750.05",354039,"1,12,41,33,380.05",24250
05-Jan-17,EQ,"3,088.65","3,145.00","3,076.00","3,091.30","3,139.60","3,136.25","3,116.96","3,689.85","2,750.05",243653,"75,94,56,994.30",26227
04-Jan-17,EQ,"3,096.25","3,113.30","3,075.05","3,072.40","3,091.00","3,091.30","3,092.32","3,689.85","2,750.05",235845,"72,93,08,072.30",28104
03-Jan-17,EQ,"3,095.00","3,114.95","3,065.75","3,083.40","3,072.00","3,072.40","3,088.99","3,689.85","2,750.05",110920,"34,26,31,312.40",12057
02-Jan-17,EQ,"3,066.00","3,117.00","3,066.00","3,060.40","3,078.50","3,083.40","3,094.57","3,689.85","2,750.05",95526,"29,56,11,635.45",8195
